{
	"credit": "Made with Blockbench",
	"textures": {
		"5": "tac:items/deagle50/50_deagle"
	},
	"elements": [
		{
			"from": [7.59725, 13.216, 23.375],
			"to": [7.76212, 13.52796, 23.5625],
			"rotation": {"angle": 0, "axis": "y", "origin": [6.51598, 12.60662, 23.6875]},
			"faces": {
				"north": {"uv": [6, 8.25, 6.03125, 8.28125], "texture": "#5", "tintindex": 0},
				"east": {"uv": [8.25, 6, 8.28125, 6.03125], "texture": "#5", "tintindex": 0},
				"south": {"uv": [6.125, 8.25, 6.15625, 8.28125], "texture": "#5", "tintindex": 0},
				"west": {"uv": [8.25, 6.125, 8.28125, 6.15625], "texture": "#5", "tintindex": 0},
				"up": {"uv": [6.28125, 8.28125, 6.25, 8.25], "texture": "#5", "tintindex": 0},
				"down": {"uv": [8.28125, 6.25, 8.25, 6.28125], "texture": "#5", "tintindex": 0}
			}
		},
		{
			"from": [7.76212, 13.216, 23.375],
			"to": [8.23788, 13.29359, 23.5625],
			"rotation": {"angle": 0, "axis": "y", "origin": [9.17152, 12.73162, 23.6875]},
			"faces": {
				"north": {"uv": [8.25, 6.375, 8.28125, 6.40625], "texture": "#5", "tintindex": 0},
				"south": {"uv": [6.6875, 8.25, 6.71875, 8.28125], "texture": "#5", "tintindex": 0},
				"up": {"uv": [6.84375, 8.28125, 6.8125, 8.25], "texture": "#5", "tintindex": 0},
				"down": {"uv": [8.28125, 6.8125, 8.25, 6.84375], "texture": "#5", "tintindex": 0}
			}
		},
		{
			"from": [8.23788, 13.216, 23.375],
			"to": [8.40275, 13.52796, 23.5625],
			"rotation": {"angle": 0, "axis": "y", "origin": [9.48402, 12.60662, 23.6875]},
			"faces": {
				"north": {"uv": [6.9375, 8.25, 6.96875, 8.28125], "texture": "#5", "tintindex": 0},
				"east": {"uv": [8.25, 6.9375, 8.28125, 6.96875], "texture": "#5", "tintindex": 0},
				"south": {"uv": [7.0625, 8.25, 7.09375, 8.28125], "texture": "#5", "tintindex": 0},
				"west": {"uv": [8.25, 7.0625, 8.28125, 7.09375], "texture": "#5", "tintindex": 0},
				"up": {"uv": [7.21875, 8.28125, 7.1875, 8.25], "texture": "#5", "tintindex": 0},
				"down": {"uv": [8.28125, 7.1875, 8.25, 7.21875], "texture": "#5", "tintindex": 0}
			}
		}
	],
	"display": {
		"thirdperson_righthand": {
			"translation": [0, 0, -3],
			"scale": [0.275, 0.275, 0.275]
		},
		"thirdperson_lefthand": {
			"translation": [0, 0, -3],
			"scale": [0.275, 0.275, 0.275]
		},
		"firstperson_righthand": {
			"translation": [-1.75, 0.5, -19.25]
		},
		"firstperson_lefthand": {
			"translation": [-1.75, 0.5, -19.25]
		},
		"ground": {
			"translation": [0, -1.25, 0],
			"scale": [0.275, 0.275, 0.275]
		},
		"gui": {
			"rotation": [30, -145, 0],
			"translation": [3.75, -3.75, 0],
			"scale": [0.88, 0.88, 0.88]
		},
		"fixed": {
			"rotation": [0, 90, 0],
			"translation": [-4.25, -0.75, -1],
			"scale": [0.55, 0.55, 0.55]
		}
	},
	"groups": [
		{
			"name": "parts",
			"origin": [8, 8, 8],
			"color": 0,
			"children": [
				{
					"name": "octagon",
					"origin": [8, 8, 8],
					"color": 0,
					"children": []
				},
				{
					"name": "octagon",
					"origin": [8, 8, 8],
					"color": 0,
					"children": []
				},
				{
					"name": "octagon",
					"origin": [8, 8, 8],
					"color": 0,
					"children": []
				},
				{
					"name": "switch2",
					"origin": [6.5625, 12.25, 15.0625],
					"color": 0,
					"children": [
						{
							"name": "octagon",
							"origin": [8, 8, 8],
							"color": 0,
							"children": []
						}
					]
				}
			]
		},
		{
			"name": "barrel",
			"origin": [8, 16, 8],
			"color": 0,
			"children": []
		},
		{
			"name": "hammer",
			"origin": [7.99965, 16.13954, 19.84857],
			"color": 0,
			"children": []
		},
		{
			"name": "trigger",
			"origin": [8, 10.27026, 11.69931],
			"color": 7,
			"children": []
		},
		{
			"name": "glow_sight",
			"origin": [9.48402, 17.04412, 17.5],
			"color": 4,
			"children": [0, 1, 2]
		},
		{
			"name": "lower",
			"origin": [8, 8, 8],
			"color": 0,
			"children": [
				{
					"name": "lower2",
					"origin": [8, 9.85181, 12.1496],
					"color": 0,
					"children": []
				},
				{
					"name": "chamber",
					"origin": [8, 8, 8],
					"color": 6,
					"children": [
						{
							"name": "octagon",
							"origin": [8, 8, 8],
							"color": 0,
							"children": []
						}
					]
				}
			]
		},
		{
			"name": "grip",
			"origin": [8, 4.27903, 19.55538],
			"color": 0,
			"children": []
		},
		{
			"name": "front",
			"origin": [8, 8, 8],
			"color": 0,
			"children": [
				{
					"name": "front",
					"origin": [9.01427, 13.38457, 0.23594],
					"color": 0,
					"children": []
				},
				{
					"name": "sight",
					"origin": [8, 17.28912, -2.30427],
					"color": 0,
					"children": [
						{
							"name": "base",
							"origin": [8, 12.62844, 4.21875],
							"color": 0,
							"children": []
						},
						{
							"name": "glow_sight",
							"origin": [8, 17.28912, -2.30427],
							"color": 0,
							"children": []
						}
					]
				}
			]
		},
		{
			"name": "m+b",
			"origin": [8, 8, 8],
			"color": 0,
			"children": [
				{
					"name": "magazine",
					"origin": [8.02231, 1.39316, 19.31121],
					"color": 0,
					"children": []
				}
			]
		},
		{
			"name": "extra_extdmag",
			"origin": [8, 8, 8],
			"color": 0,
			"children": [
				{
					"name": "extend_magazine",
					"origin": [8.02231, 1.39316, 19.31121],
					"color": 0,
					"children": []
				}
			]
		},
		{
			"name": ".50AE",
			"origin": [0, 0, 0],
			"color": 0,
			"children": []
		}
	]
}