{
	"credit": "Made with Blockbench",
	"ambientocclusion": false,
	"texture_size": [32, 32],
	"textures": {
		"14": "tac:items/m249_edit_1",
		"particle": "tac:items/bullet_chain"
	},
	"elements": [
		{
			"from": [10.41145, 12.03216, 2.14097],
			"to": [11.22395, 12.84466, 2.95347],
			"rotation": {"angle": -22.5, "axis": "x", "origin": [10.8177, 12.43841, 4.17222]},
			"faces": {
				"north": {"uv": [12.5, 14.4375, 12.5625, 14.375], "rotation": 180, "texture": "#14"},
				"east": {"uv": [2, 12.1875, 2.125, 12.125], "rotation": 180, "texture": "#14"},
				"south": {"uv": [14.375, 12.5625, 14.4375, 12.5], "rotation": 180, "texture": "#14"},
				"west": {"uv": [12.125, 1.8125, 12.25, 1.75], "rotation": 180, "texture": "#14"},
				"up": {"uv": [2.3125, 12.125, 2.25, 12.25], "rotation": 180, "texture": "#14"},
				"down": {"uv": [2.8125, 12.25, 2.75, 12.125], "rotation": 180, "texture": "#14"}
			}
		},
		{
			"from": [10.41145, 12.03216, 3.14097],
			"to": [11.22395, 12.84466, 3.95347],
			"rotation": {"angle": -22.5, "axis": "x", "origin": [10.8177, 12.43841, 4.17222]},
			"faces": {
				"north": {"uv": [12.75, 14.4375, 12.8125, 14.375], "rotation": 180, "texture": "#14"},
				"east": {"uv": [3.25, 12.1875, 3.375, 12.125], "rotation": 180, "texture": "#14"},
				"south": {"uv": [13.25, 14.4375, 13.3125, 14.375], "rotation": 180, "texture": "#14"},
				"west": {"uv": [12.125, 3.1875, 12.25, 3.125], "rotation": 180, "texture": "#14"},
				"up": {"uv": [3.5625, 12.125, 3.5, 12.25], "rotation": 180, "texture": "#14"},
				"down": {"uv": [3.8125, 12.25, 3.75, 12.125], "rotation": 180, "texture": "#14"}
			}
		},
		{
			"from": [10.4427, 12.12591, 2.39097],
			"to": [11.1927, 12.75091, 5.70347],
			"rotation": {"angle": -22.5, "axis": "x", "origin": [10.8177, 12.43841, 4.17222]},
			"faces": {
				"east": {"uv": [8.5, 4.6875, 8.9375, 4.625], "rotation": 180, "texture": "#14"},
				"west": {"uv": [8.5, 3.9375, 8.9375, 3.875], "rotation": 180, "texture": "#14"},
				"up": {"uv": [4.8125, 8.5, 4.75, 8.9375], "rotation": 180, "texture": "#14"},
				"down": {"uv": [5.0625, 8.9375, 5, 8.5], "rotation": 180, "texture": "#14"}
			}
		},
		{
			"from": [10.41145, 12.03216, 4.14097],
			"to": [11.22395, 12.84466, 4.95347],
			"rotation": {"angle": -22.5, "axis": "x", "origin": [10.8177, 12.43841, 4.17222]},
			"faces": {
				"north": {"uv": [14.375, 14.0625, 14.4375, 14], "rotation": 180, "texture": "#14"},
				"east": {"uv": [4.875, 12.1875, 5, 12.125], "rotation": 180, "texture": "#14"},
				"south": {"uv": [14.5, 0.0625, 14.5625, 0], "rotation": 180, "texture": "#14"},
				"west": {"uv": [4.625, 12.1875, 4.75, 12.125], "rotation": 180, "texture": "#14"},
				"up": {"uv": [5.1875, 12.125, 5.125, 12.25], "rotation": 180, "texture": "#14"},
				"down": {"uv": [12.1875, 5.625, 12.125, 5.5], "rotation": 180, "texture": "#14"}
			}
		},
		{
			"from": [10.41145, 12.03216, 5.14097],
			"to": [11.22395, 12.84466, 6.45347],
			"rotation": {"angle": -22.5, "axis": "x", "origin": [10.8177, 12.43841, 4.17222]},
			"faces": {
				"north": {"uv": [14.5, 0.3125, 14.5625, 0.25], "rotation": 180, "texture": "#14"},
				"east": {"uv": [10.875, 9.0625, 11.0625, 9], "rotation": 180, "texture": "#14"},
				"south": {"uv": [0.75, 14.5625, 0.8125, 14.5], "rotation": 180, "texture": "#14"},
				"west": {"uv": [8.75, 10.9375, 8.9375, 10.875], "rotation": 180, "texture": "#14"},
				"up": {"uv": [10.9375, 9.25, 10.875, 9.4375], "rotation": 180, "texture": "#14"},
				"down": {"uv": [10.9375, 10.3125, 10.875, 10.125], "rotation": 180, "texture": "#14"}
			}
		},
		{
			"from": [10.66145, 9.60732, 2.75],
			"to": [10.97395, 9.91982, 5.5625],
			"rotation": {"angle": 0, "axis": "y", "origin": [10.8177, 9.76357, 4.90625]},
			"faces": {
				"east": {"uv": [9.125, 8.3125, 9.5, 8.25], "texture": "#14"},
				"south": {"uv": [10.25, 14.4375, 10.3125, 14.375], "texture": "#14"},
				"west": {"uv": [1.625, 9.3125, 2, 9.25], "texture": "#14"},
				"up": {"uv": [9.3125, 2.75, 9.25, 2.375], "texture": "#14"},
				"down": {"uv": [8.5625, 9.125, 8.5, 9.5], "texture": "#14"}
			}
		},
		{
			"from": [10.66145, 9.59813, 2.3913],
			"to": [10.97395, 11.53563, 2.7038],
			"rotation": {"angle": -22.5, "axis": "x", "origin": [10.8177, 10.50438, 2.54755]},
			"faces": {
				"north": {"uv": [2.5, 10.375, 2.5625, 10.125], "texture": "#14"},
				"east": {"uv": [3.75, 10.375, 3.8125, 10.125], "texture": "#14"},
				"south": {"uv": [4, 10.375, 4.0625, 10.125], "texture": "#14"},
				"west": {"uv": [4.25, 10.375, 4.3125, 10.125], "texture": "#14"}
			}
		},
		{
			"from": [10.66145, 11.3806, 2.01548],
			"to": [10.97395, 11.6931, 2.72259],
			"rotation": {"angle": -45, "axis": "x", "origin": [10.8177, 11.53685, 2.36904]},
			"faces": {
				"east": {"uv": [14.375, 11.8125, 14.4375, 11.75], "rotation": 90, "texture": "#14"},
				"west": {"uv": [14.375, 12.3125, 14.4375, 12.25], "rotation": 270, "texture": "#14"},
				"up": {"uv": [14.375, 12.0625, 14.4375, 12], "texture": "#14"},
				"down": {"uv": [14.375, 11.3125, 14.4375, 11.25], "rotation": 180, "texture": "#14"}
			}
		}
	],
	"display": {
		"thirdperson_righthand": {
			"translation": [0, 1.5, -4.5],
			"scale": [0.6, 0.6, 0.6]
		},
		"thirdperson_lefthand": {
			"translation": [0, 1.5, -3.5],
			"scale": [0.55, 0.55, 0.55]
		},
		"firstperson_righthand": {
			"translation": [-5, 4.5, -4.75]
		},
		"firstperson_lefthand": {
			"translation": [-5, 4.5, -4.75]
		},
		"ground": {
			"translation": [0, 5, 0],
			"scale": [0.6, 0.6, 0.6]
		},
		"gui": {
			"rotation": [30, -145, 0],
			"translation": [0, 0.25, 0],
			"scale": [0.55, 0.55, 0.55]
		},
		"fixed": {
			"rotation": [0, 90, 0],
			"translation": [0, 0.5, -3.5],
			"scale": [1.1, 1.1, 1.1]
		}
	},
	"groups": [
		{
			"name": "rotate",
			"origin": [10.8177, 11.53685, 2.36904],
			"color": 0,
			"children": [
				{
					"name": "grip",
					"origin": [10.2552, 8.75206, 2.15625],
					"color": 0,
					"children": [0, 1, 2, 3, 4]
				},
				{
					"name": "bar",
					"origin": [10.8177, 11.53685, 2.36904],
					"color": 0,
					"children": [5, 6, 7]
				}
			]
		}
	]
}