{
	"credit": "Made with Blockbench",
	"texture_size": [128, 128],
	"textures": {
		"5": "tac:items/m92fs"
	},
	"elements": [
		{
			"from": [7.9079, 12.43043, -1.30722],
			"to": [8.0954, 12.61793, -1.03056],
			"rotation": {"angle": 0, "axis": "y", "origin": [7.98667, 8.56721, 9.92815]},
			"faces": {
				"east": {"uv": [2.5, 11.375, 2.5625, 11.4375], "texture": "#5"},
				"south": {"uv": [2.75, 11.375, 2.8125, 11.4375], "texture": "#5"},
				"west": {"uv": [3.25, 11.375, 3.3125, 11.4375], "texture": "#5"},
				"up": {"uv": [3.5625, 11.4375, 3.5, 11.375], "texture": "#5"}
			}
		},
		{
			"from": [8.2204, 12.43043, 14.17716],
			"to": [8.4079, 12.61793, 14.45381],
			"rotation": {"angle": 0, "axis": "y", "origin": [7.98667, 8.56721, 9.92815]},
			"faces": {
				"east": {"uv": [4, 11.375, 4.0625, 11.4375], "texture": "#5"},
				"south": {"uv": [11.375, 4.25, 11.4375, 4.3125], "texture": "#5"},
				"west": {"uv": [11.375, 4.75, 11.4375, 4.8125], "texture": "#5"},
				"up": {"uv": [11.4375, 5.6875, 11.375, 5.625], "texture": "#5"}
			}
		},
		{
			"from": [7.5954, 12.43043, 14.17716],
			"to": [7.7829, 12.61793, 14.45381],
			"rotation": {"angle": 0, "axis": "y", "origin": [7.98667, 8.56721, 9.92815]},
			"faces": {
				"east": {"uv": [11.375, 1.5, 11.4375, 1.5625], "texture": "#5"},
				"south": {"uv": [11.375, 2, 11.4375, 2.0625], "texture": "#5"},
				"west": {"uv": [2.25, 11.375, 2.3125, 11.4375], "texture": "#5"},
				"up": {"uv": [11.4375, 2.3125, 11.375, 2.25], "texture": "#5"}
			}
		}
	],
	"display": {
		"thirdperson_righthand": {
			"translation": [0, 0, -1],
			"scale": [0.35, 0.35, 0.35]
		},
		"thirdperson_lefthand": {
			"translation": [0, 0, -1],
			"scale": [0.35, 0.35, 0.35]
		},
		"firstperson_righthand": {
			"translation": [-0.5, 0.5, -12.5]
		},
		"firstperson_lefthand": {
			"translation": [-3, 0, -10]
		},
		"ground": {
			"translation": [0, 3, 0],
			"scale": [0.35, 0.35, 0.35]
		},
		"gui": {
			"rotation": [30, -145, 0],
			"translation": [0.5, 0, 0]
		},
		"fixed": {
			"rotation": [0, 90, 0],
			"translation": [-0.25, -0.5, -1],
			"scale": [0.7, 0.7, 0.7]
		}
	}
}