{
	"credit": "Made with Blockbench",
	"texture_size": [128, 128],
	"textures": {
		"2": "tac:items/p90/p90_1",
		"particle": "tac:items/p90/bs_512"
	},
	"elements": [
		{
			"from": [6.77769, 9, 10.82315],
			"to": [6.96903, 9.5, 11.28509],
			"rotation": {"angle": 22.5, "axis": "y", "origin": [7.12769, 9.25, 11.03509]},
			"faces": {
				"north": {"uv": [10, 11, 10.0625, 11.0625], "texture": "#2"},
				"west": {"uv": [11, 10, 11.0625, 10.0625], "texture": "#2"},
				"up": {"uv": [10.3125, 11.0625, 10.25, 11], "texture": "#2"},
				"down": {"uv": [10.5625, 11, 10.5, 11.0625], "texture": "#2"}
			}
		},
		{
			"from": [6.9, 9, 10.9],
			"to": [9.1, 9.5, 11.4],
			"rotation": {"angle": 0, "axis": "y", "origin": [8, 8.13584, 5.48438]},
			"faces": {
				"north": {"uv": [7.625, 3.375, 7.875, 3.4375], "texture": "#2"},
				"south": {"uv": [7.625, 3.875, 7.875, 3.9375], "texture": "#2"},
				"up": {"uv": [7.875, 5.5625, 7.625, 5.5], "texture": "#2"},
				"down": {"uv": [7, 7.625, 6.75, 7.6875], "texture": "#2"}
			}
		},
		{
			"from": [9.03097, 9, 10.82315],
			"to": [9.22231, 9.5, 11.28509],
			"rotation": {"angle": -22.5, "axis": "y", "origin": [8.87231, 9.25, 11.03509]},
			"faces": {
				"north": {"uv": [11, 10.5, 11.0625, 10.5625], "texture": "#2"},
				"east": {"uv": [10.75, 11, 10.8125, 11.0625], "texture": "#2"},
				"up": {"uv": [11.0625, 10.8125, 11, 10.75], "texture": "#2"},
				"down": {"uv": [11.0625, 11, 11, 11.0625], "texture": "#2"}
			}
		}
	],
	"display": {
		"thirdperson_righthand": {
			"translation": [0, 0.5, 3],
			"scale": [0.55, 0.55, 0.55]
		},
		"thirdperson_lefthand": {
			"translation": [0, 0.5, 3],
			"scale": [0.55, 0.55, 0.55]
		},
		"firstperson_righthand": {
			"translation": [-5, 2.75, 5.5]
		},
		"firstperson_lefthand": {
			"translation": [-5, 2.75, 5.5]
		},
		"ground": {
			"translation": [0, 3, 0],
			"scale": [0.55, 0.55, 0.55]
		},
		"gui": {
			"rotation": [30, -145, 0],
			"translation": [-1, 0.5, 0]
		},
		"fixed": {
			"rotation": [0, 90, 0],
			"translation": [2, 1, -1],
			"scale": [1.1, 1.1, 1.1]
		}
	},
	"groups": [
		{
			"name": "mag_release",
			"origin": [8.87231, 9.25, 11.03509],
			"color": 0,
			"children": [0, 1, 2]
		}
	]
}